Key,Rep1,Rep2,Rep3,Rep4,,,,,,,
#NAME?,#NAME?,#NAME?,A1,东神402,1人可生 生13起,神奈川県横浜市神奈川区東神奈川1-14-35 サンハロー東神奈川駅前 402号室,11-2,可以,没有,2回20起 没有女孩照片,
#NAME?,#NAME?,#NAME?,A2,东神奈川3F,1人不生,神奈川県横浜市神奈川区二ツ谷町2-10 餃子やと同じ建物の3階、看板：美鈴怨,12-2,可以,有店客,回信慢,
#NAME?,#NAME?,#NAME?,A3,新横滨906,1人可生,神奈川県横浜市港北区新横浜3-8-5 グリフィン新横浜・参番館 906号室,11:30-2,可以,,经常回信慢 偶尔失联,门禁按房号呼出
#NAME?,#NAME?,#NAME?,A4,新横滨0616,1人可生 生13起,神奈川県横浜市港北区新横浜3-21-2 プロシード新横浜 6階の0616号室（门禁按616呼出）,11-2,可以,有店客,提前告诉客人露脸看镜头 2回最低20000,
#NAME?,#NAME?,#NAME?,A5,西横浜905,1人可生,神奈川県横浜市西区中央2丁目40-2 スカイコート西横浜第6 905号室,11-2,不能,有店客,报单发送名字截图,
#NAME?,#NAME?,#NAME?,A8,登户306,1人可生 生13起,神奈川県川崎市多摩区登戸3287-2 スカイコートノボリト 306号室,11-2,可以,没有,2回20起 没有女孩照片,
#NAME?,#NAME?,#NAME?,A9,武藏小杉601,1人不生,神奈川県川崎市中原区新丸子東2-926-15 マノア武蔵小杉 601号室,11-2,可以,有店客,不接3回 2回20起,
#NAME?,#NAME?,#NAME?,A10,武藏402,1人可生,神奈川県川崎市中原区小杉町1-517 ダイホーステージ武蔵小杉 402号室,11:30-2,可以,,经常回信慢 偶尔失联,门禁按房号呼出
#NAME?,#NAME?,#NAME?,A11,川崎704,2人1个生可双,神奈川県川崎市川崎区南町21-12 スカイコートパシフィック川崎 704号室,11-2,可以,没有,,
#NAME?,#NAME?,#NAME?,A12,川崎207,2人1个生可双,神奈川県川崎市川崎区日進町6-1 スカイコート川崎4 207号室,11-2,可以,没有,,
#NAME?,#NAME?,#NAME?,A14,川崎916,1人可生 生13起,神奈川県川崎市川崎区砂子2丁目8-1 シャンボール川崎砂子 916号室,12-2,可以,有店客,门禁密码：1352E,经常回信慢 偶尔失联
#NAME?,#NAME?,#NAME?,A15,美满群-鹤见806,1人可生,神奈川県横浜市鶴見区鶴見中央5丁目10-2 ヴェラハイツ鶴見 806号室,11-2,可以,有店客,有门禁按房号呼出，上楼后轻轻敲门，附近有收费停车场,
#NAME?,#NAME?,#NAME?,A17,鹤见404,1人可生,神奈川県横浜市鶴見区鶴見中央1-2-4 GSプラザ鶴見駅前ビル 404号室,11-1,可以,没有,,
#NAME?,#NAME?,#NAME?,A18,鹤见501,1人不生,神奈川県横浜市鶴見区鶴見中央1-23-18 コスモプラザ 501号室,11:30-2,可以,,经常回信慢 偶尔失联,没有门禁
#NAME?,#NAME?,#NAME?,A19,鹤见315,1人不生,神奈川県横浜市鶴見区鶴見中央5-10-2 ヴェラハイツ鶴見 315号室,11:30-2,可以,,经常回信慢 偶尔失联,有门禁按房号
#NAME?,#NAME?,#NAME?,A20,鹤见409,1人可生 生13起,神奈川県横浜市鶴見区鶴見中央1-5-5 アオキビル第28 409号室,11-2,可以,有店客,提前告诉客人露脸看镜头 2回最低20000,
#NAME?,#NAME?,#NAME?,A21,相模大野606,1人不生,神奈川県相模原市南区相模大野7-3-1 メゾン・カネト 606号室,12-2,可以,有店客,,
#NAME?,#NAME?,#NAME?,A26,美满群-户塚208,1人可生,神奈川県横浜市戸塚区上倉田町1000 ハイツ山重 208号室,11-2,可以,有店客,没有门禁，上楼按铃，附近有收费停车场,
#NAME?,#NAME?,#NAME?,A27,横须贺404,2人1个生可双,神奈川県横須賀市日の出町1-2-7 ノイエヨコスカ1番館 404号室,11-1,可以,没有,有门禁按房号呼出,
#NAME?,#NAME?,#NAME?,A29,藤沢801,1人不生,神奈川県藤沢市鵠沼花沢町2-2 グレースコート湘南 801号室,12-2,可以,,,
#NAME?,#NAME?,#NAME?,A30,藤沢303,2人不生可双,神奈川県藤沢市藤沢1031-1 日神パレステージ藤沢 303号室,11-1,可以,,,
#NAME?,#NAME?,#NAME?,A31,厚木303,1人可生,神奈川県海老名市中新田3-5-23 シルフィード厚木 303号室,11-2,不能,有店客,报单发送名字截图,
#NAME?,#NAME?,#NAME?,A32,美满群-茅ヶ崎702,1人可生,神奈川県茅ヶ崎市新栄町13-16 茅ヶ崎ダイカンプラザシティ 702号室,11-2,可以,有店客,有门禁按房号呼出，附近有收费停车场,
#NAME?,#NAME?,#NAME?,A33,海老名201,2人可生可双,神奈川県海老名市国分南1丁目11-6 フレクション海老名国分 201号室,11-1,可以,,,
#NAME?,#NAME?,#NAME?,B1,龟户302,2人不生,東京都江東区亀戸6-12-7 第2伸光マンション 302号室,12-2,不能,,,
#NAME?,#NAME?,#NAME?,B2,龟户503,2人可生可双,東京都江東区亀戸6丁目44-4 RESIDENCETOKYO亀戸Ⅱ 503号室,11-2,可以,没有,,
#NAME?,#NAME?,#NAME?,B3,美满群-龟户504,1人不生,東京都江東区亀戸6丁目47-2 ウィンベル亀戸(MONTHLY亀戸1) 504号室,11-2,可以,有店客,有门禁按房号呼出，附近有收费停车场,
#NAME?,#NAME?,#NAME?,B4,小岩903,1人不生,東京都江戸川区西小岩1丁目30-11 ハイホーム沖田 903号室,11-1,可以,没有,没有门禁,
#NAME?,#NAME?,#NAME?,B5,綾瀬704,1人可生 生13起,東京都足立区綾瀬3-9-7 VERXEED綾瀬駅前 704号室,12-24,不能,,,
#NAME?,#NAME?,#NAME?,B7,青井402,1人不生,東京都足立区青井2丁目24-5 コートアオイ 402号室,12-24,不能,,没有门禁 附近有收费停车场,
#NAME?,#NAME?,#NAME?,B8,日暮里406,1人可生,東京都台東区根岸2-21-13 ジョイフル根岸 406号室,11-1,可以,没有,不能找零 不接2回,
#NAME?,#NAME?,#NAME?,B9,錦糸町202,1人可生,東京都墨田区錦糸1-6-9 メインステージ錦糸町駅前 202号室,11-1,可以,没有,不能找零 不接2回,
#NAME?,#NAME?,#NAME?,B10,池袋一户建,1人可生,東京都豊島区池袋本町4丁目30-15,11-1,不能,,,
#NAME?,#NAME?,#NAME?,B11,池袋301,1人不生,東京都豊島区池袋本町1丁目34-5 北池ハイツ 301号室,11-1,不能,,没有女孩照片,
#NAME?,#NAME?,#NAME?,B12,駒込201,1人不生 不接2回,東京都豊島区駒込2-4-2ペニンシュラ・コマゴメ 201号室,12-1,,,偶尔有店客没通知,
#NAME?,#NAME?,#NAME?,B14,美满群-成增109,1人可生,東京都板橋区赤塚3丁目19-8 TOP成増2 109号室,11-2,可以,有店客,没有门禁，轻轻敲门，附近有收费停车场,
#NAME?,#NAME?,#NAME?,B15,蒲田214,1人不生,東京都大田区西蒲田8-22-3 インペリアル蒲田 214号室,11-2,可以,有店客,不接3回 2回20起,
#NAME?,#NAME?,#NAME?,B16,蒲田802,1人可生,東京都大田区西蒲田7-29-5 ニューカマタビル 802号室,11-2,可以,没有,偶尔回信慢,
#NAME?,#NAME?,#NAME?,B17,蒲田801,1人不生,東京都大田区西蒲田7-6-3 プライムネクサス蒲田 801号室,12-2,可以,有店客,附近收费停车场,
#NAME?,#NAME?,#NAME?,B22,荻窪2F,1人不生,東京都杉並区上荻1-15-13 柴ビル 2階のエミにという店,12-2,可以,,附近有收费停车场,
#NAME?,#NAME?,#NAME?,B23,荻窪205,1人不生,東京都杉並区上荻1丁目11-5 ロゼリウス荻窪 205号室,11-2,不能,有店客,没有女孩照片,
#NAME?,#NAME?,#NAME?,B24,新宿301,3人可生可双,東京都新宿区新宿5-18-11 谷川ビル 301号室 看板：麗人堂,11-2,不能,,附近有收费停车场,
#NAME?,#NAME?,#NAME?,B25,市ケ谷109,1人不生,東京都新宿区払方町23-1 DeLCCS市谷払方町 109号室,12-2,不能,有店客,,
#NAME?,#NAME?,#NAME?,B28,涉谷802,1人不生,東京都渋谷区宇田川町36-2 ノア渋谷 802号室,11-24,可以,有店客,是看板店,
#NAME?,#NAME?,#NAME?,B30,立川215,2人不生,東京都立川市曙町1丁目36-9 多摩セントラルビル 215号室,11-2,可以,没有,,
#NAME?,#NAME?,#NAME?,B31,立川201,2人不生可双,東京都立川市錦町1-5-25 コーポあきば 201号室,11-2,可以,有店客,不接3回 2回或3p20起,
#NAME?,#NAME?,#NAME?,B32,立川304,1人不生,東京都立川市錦町2-2-34 安藤ビル 304号室,11-2,可以,有店客,不接3回 2回20起,
#NAME?,#NAME?,#NAME?,B34,府中301,1人可生,東京都府中市府中町2-5-7 ステーションビューロアール府中 301号室,11-2,可以,没有,,
#NAME?,#NAME?,#NAME?,B35,町田1403,1人可生,東京都町田市原町田6-16-7 アーバイルトルム町田 1403号室,11-2,可以,有店客,不接3回 2回20起,
#NAME?,#NAME?,#NAME?,B36,町田401,1人可生,東京都町田市原町田6丁目16-7 アーバイルトルム町田 401号室,11-2,可以,有店客,不接3回 2回20起,
#NAME?,#NAME?,#NAME?,B37,町田602,1人可生,東京都町田市原町田6-26-3 ジョイフル町田 602号室,11-2,可以,有店客,不接3回 2回20起,
#NAME?,#NAME?,#NAME?,B38,调布308,1人可生,東京都調布市東つつじケ丘1-2-4 OGビル 308号室,11:30-2,可以,,经常回信慢 偶尔失联,没有门禁
#NAME?,#NAME?,#NAME?,B39,调布302,1人不生,東京都調布市東つつじケ丘1-2-4 OGビル 302号室,11:30-2,可以,,经常回信慢 偶尔失联,没有门禁
#NAME?,#NAME?,#NAME?,B40,东村山503,1人可生 生13起,東京都東村山市栄町2-2-10 Tokio久米川タワー 503号室,11-2,可以,没有,2回20起 没有女孩照片,
#NAME?,#NAME?,#NAME?,B41,東村山102,1人可生,東京都東村山市栄町2丁目41-14 ジェネシスパートII 102号室,12-1,不能,,,
#NAME?,#NAME?,#NAME?,B43,吉祥寺210,1人不生,東京都武蔵野市吉祥寺本町2-24-6 吉祥寺グリーンハイツ 210号室,12-2,可以,,,
#NAME?,#NAME?,#NAME?,B45,小金井201,2人1个生可双,東京都小金井市東町1-40-11 ロイヤルハイツハシモト 201号室,11-24,可以,有店客,经常回信慢,
#NAME?,#NAME?,#NAME?,B46,东久留米1002,1人可生,東京都東久留米市東本町6-18 第四荒野ビル 1002号室,11-2,可以,,,
#NAME?,#NAME?,#NAME?,B47,八王子307,1人可生,東京都八王子市明神町3丁目8-15 ソリッド・リファイン八王子 307号室,11-2,不能,有店客,报单发送名字截图,
#NAME?,#NAME?,#NAME?,B48,田無403,1人不生,東京都西東京市田無町2丁目12-11 ハイツベルスプリング 403号室,11-2,可以,有店客,,
#NAME?,#NAME?,#NAME?,C1,柏217,1人可生,千葉県柏市柏6-2-7 コートヤード・シブヤ 217号室,11-1,可以,没有,,
#NAME?,#NAME?,#NAME?,C2,柏205,2人不生可双,千葉県柏市千代田3-1-14 脇田マンション 205号室,11-2,可以,,偶尔女孩走了没通知,
#NAME?,#NAME?,#NAME?,C3,北柏206,1人可生,千葉県柏市根戸1914-12 エソール・柏 206号室,11-24,不能,有店客,,
#NAME?,#NAME?,#NAME?,C4,新宿201,1人可生,千葉県千葉市中央区新宿2-14-16 パ―クプラザ千葉新宿  201号室,11-2,可以,没有,偶尔回信慢,
#NAME?,#NAME?,#NAME?,C5,稻毛202,1人可生,千葉県千葉市稲毛区稲毛東3-20-11 イーストビル 202号室,11-2,可以,没有,偶尔回信慢,
#NAME?,#NAME?,#NAME?,C7,蘇我309,2人可生可双,千葉県千葉市中央区今井2-12-13 蘇我第2マンション 309号室,11-2,可以,没有,偶尔回信慢,
#NAME?,#NAME?,#NAME?,C10,西船桥602,2人可生可双,千葉県船橋市印内町612 プルミエール西船 602号室,11-2,可以,没有,偶尔回信慢,
#NAME?,#NAME?,#NAME?,C11,西船桥905,1人不生,千葉県船橋市印内町570-1 鎌倉ビル 905号室,11-2,可以,,回信慢 偶尔休息没通知,
#NAME?,#NAME?,#NAME?,C12,船桥501,1人不生,千葉県船橋市本町6丁目18-19 第3山中ビル 501号室,12-2,不能,有店客,,
#NAME?,#NAME?,#NAME?,C13,船桥204,2人可生,千葉県船橋市本町6-9-6 ラプラビ船橋 204号室,12-2,,,按204呼出后按电梯门按钮,
#NAME?,#NAME?,#NAME?,C14,船桥604,2人可生可双,千葉県船橋市本町6-3-10 グリーンシティーときた 604号室,11-2,,,,
#NAME?,#NAME?,#NAME?,C15,津田沼602,1人可生 生13起,千葉県船橋市前原西2-13-26 ソフィア・コート津田沼 602号室,12-2,可以,没有,2回20起 没有女孩照片,
#NAME?,#NAME?,#NAME?,C16,津田沼311,1人可生,千葉県習志野市谷津7丁目7-22 スーペリア津田沼 311号室,11-2,不能,有店客,报单发送名字截图,
#NAME?,#NAME?,#NAME?,C17,勝田台410,1人可生,千葉県八千代市勝田台1丁目30 京成サンコーポ勝田台C棟 3番階段410号室,12-1,可以,,,
#NAME?,#NAME?,#NAME?,C18,勝田台3F,1人不生,千葉県八千代市勝田台北1-19-43 玄気道ビル第七 3階の店,11-2,可以,没有,是看板店 能上了告诉3楼,
#NAME?,#NAME?,#NAME?,C19,八千代台501,1人不生,千葉県八千代市八千代台南1丁目4-10 グレイス八千代台 501号室,12-2,不能,有店客,,
#NAME?,#NAME?,#NAME?,C20,八千代307,2人不生,千葉県八千代市勝田台1丁目30 京成サンコーポ勝田台C棟 307号室,12-2,不能,有店客,,
#NAME?,#NAME?,#NAME?,C21,八千代704,1人不生,千葉県八千代市八千代台西1-1-40 アリビオ八千代台西 704号室,11:30-2,可以,,经常回信慢 偶尔失联,有门禁按房号
#NAME?,#NAME?,#NAME?,C22,本八幡504,1人可生,千葉県市川市南八幡4-4-20 市川ルーフガーデンハイツ 504号室,11-2,可以,没有,偶尔回信慢,
#NAME?,#NAME?,#NAME?,C23,行德805,2人可生可套双,千葉県市川市行徳駅前2-7-1 遠藤ビル 805号室,11-2,可以,没有,偶尔回信慢,
#NAME?,#NAME?,#NAME?,C24,行德603,1人可生,千葉県市川市行徳駅前1-22-17 ナカヤマビル 603号室,12-24,,,经常不回信，偶尔失联,
#NAME?,#NAME?,#NAME?,C26,松户514,1人不生,千葉県松戸市松戸1292-1 シティハイツ松戸 514号室,12-2,可以,,,
#NAME?,#NAME?,#NAME?,C27,八柱403,1人不生,千葉県松戸市金ケ作24-1 第五泉ビル 403号室,12-2,可以,,,
#NAME?,#NAME?,#NAME?,C28,八柱702,1人不生,千葉県松戸市日暮3-10-1 三井ビル 702号室,12-2,可以,,,
#NAME?,#NAME?,#NAME?,C30,木更津205,1人不生,千葉県木更津市朝日1-5-9 グラン・シャリオ 205号室,11-2,可以,没有,,
#NAME?,#NAME?,#NAME?,C31,佐倉B-5,1人可生,千葉県佐倉市新町187-2 キャピタル一番館 3階のB-5号室,11-24,可以,,注意是3楼的房间,
#NAME?,#NAME?,#NAME?,C32,松岸一户建,1人不生,千葉県銚子市長塚町3丁目643-18,11-1,可以,,车停在附近的超市和拉面店,
#NAME?,#NAME?,#NAME?,D1,南大塚102,2人可生,埼玉県川越市南台2-4-12  SAレジデンス 102号室,11-24,可以,有店客,经常回信慢,
#NAME?,#NAME?,#NAME?,D2,川越213,1人可生中,埼玉県川越市稲荷町6-18 ブルーハイツK 213号室,11-1,不能,没有,,
#NAME?,#NAME?,#NAME?,D3,宫原303,2人不生 不接2回,埼玉県さいたま市北区宮原町3-250-7 サンクレール大宮 303号室,12-1,,,经常有店客没通知 回信慢,没有门禁
#NAME?,#NAME?,#NAME?,D5,南浦和601,3人1个生可双,埼玉県さいたま市南区南浦和2-1-2 第二セントラルハイツ 601号室,12-2,,,经常回信慢 偶尔失联,
#NAME?,#NAME?,#NAME?,D6,南浦和201,1人不生,埼玉県さいたま市南区南本町2-14-18 第16ユーセードムス 201号室,12-2,不能,有店客,,
#NAME?,#NAME?,#NAME?,D7,浦和207,2人可生不双,埼玉県さいたま市浦和区岸町4丁目26-8 プリムローズ岸町 207号室,12-1:30,不能,,附近有收费停车场,
#NAME?,#NAME?,#NAME?,D8,蕨402,1人不生,埼玉県川口市芝新町4-14 ラフィスタ芝新町 402号室,12-2,可以,有店客,,
#NAME?,#NAME?,#NAME?,D9,谷塚217,1人可生,埼玉県草加市谷塚町1363-1 リレント谷塚II 217号室,12-2,不能,有店客,,
#NAME?,#NAME?,#NAME?,D10,草加705,1人可生,埼玉県草加市氷川町2149-19 ライブコート草加 705号室,11-2,不能,,,
#NAME?,#NAME?,#NAME?,D11,小手指301,1人不生,埼玉県所沢市小手指町3-7-3 煉瓦館25 301号室,12-2,可以,,,
#NAME?,#NAME?,#NAME?,D13,饭能4B,1人可生,埼玉県飯能市柳町23-18 EXCEED飯能 4B号室,11-24,不能,有店客,附近有收费停车场,
#NAME?,#NAME?,#NAME?,D14,饭能303,1人可生,埼玉県飯能市柳町9-14 グランシャリオ飯能 303号室,11-2,不能,有店客,报单发送名字截图,
#NAME?,#NAME?,#NAME?,D15,上福岡202,1人可生,埼玉県ふじみ野市上福岡1丁目7-10 ウィング上福岡 202号室,11-2,可以,,,
#NAME?,#NAME?,#NAME?,D16,上福岡2F,1人不生,埼玉県ふじみ野市上福岡1丁目13-4  麻雀クラブ方の階段から2階にある店です,12-2,可以,,,
#NAME?,#NAME?,#NAME?,D17,上福岡302,1人可生,埼玉県ふじみ野市上福岡1丁目6-21 村田ビル 302号室,11-2,可以,,,
#NAME?,#NAME?,#NAME?,D18,熊谷603,2人可生可双,埼玉県熊谷市銀座1-153 ロハス星川 603号室,12-2,可以,没有,附近有收费停车场,
#NAME?,#NAME?,#NAME?,D19,美满群-大宫603,1人可生,埼玉県さいたま市大宮区桜木町2丁目457-1 志延舍 603号室,11-2,可以,有店客,有门禁按房号呼出，附近有收费停车场,
#NAME?,#NAME?,#NAME?,D21,美满群-新狭山303,1人不生,埼玉県狭山市新狭山2丁目23-11 オーク新狭山 303号室,11-2,可以,有店客,没有门禁，上楼按铃，没有电梯，附近有收费停车场,
#NAME?,#NAME?,#NAME?,D22,新狭山304,1人可生,埼玉県狭山市新狭山3丁目9-16 レスポワール新狭山 304号室,11-2,不能,有店客,报单发送名字截图,
#NAME?,#NAME?,#NAME?,D23,狭山市202,1人不生,埼玉県狭山市富士見1丁目5-3 キャッスルマンション狭山祇園 202号室,12-2,可以,,门禁：C5567# 入力したら黒いボタンを左側曲がって,
#NAME?,#NAME?,#NAME?,D24,春日部813,1人不生,埼玉県春日部市中央1丁目8-6 ベル島田 813号室,12-2,可以,有店客,,
#NAME?,#NAME?,#NAME?,D25,新越谷503,1人不生,埼玉県越谷市南越谷4丁目12-22 サクラビルディング 503号室,12-2,可以,,附近有收费停车场,
#NAME?,#NAME?,#NAME?,D27,朝霞203,2人可生中可双,埼玉県朝霞市北原2丁目12-32  メゾンヨネダ 203号室,11-1,不能,没有,,
#NAME?,#NAME?,#NAME?,D28,朝霞111,1人不生,埼玉県朝霞市本町1丁目22-15 ウィンベルソロ朝霞NO1 111号室,11-2,可以,没有,,
#NAME?,#NAME?,#NAME?,E2,泉大津402,1人不生,大阪府泉大津市東豊中町1-5-48 シンエイビル 402号室,11-2,可以,没有,2回20起 没有女孩照片,
#NAME?,#NAME?,#NAME?,E3,西成302,1人可生,大阪府大阪市西成区旭1-8-5 サンハイツタケナワ 302号室,11-2,可以,,回信慢 有时候联系不上,
#NAME?,#NAME?,#NAME?,E4,生野503,1人可生,大阪府大阪市生野区鶴橋1-5-21 カーサフェリーチェ 503号室,11-2,可以,,回信慢 有时候联系不上,
#NAME?,#NAME?,#NAME?,E5,堺筋本町405,1人可生,大阪府大阪市中央区備後町1-4-6  ラナップスクエ堺筋本町 405号室,11-2,可以,,回信慢 有时候联系不上,
#NAME?,#NAME?,#NAME?,E7,日本桥501,1人不生,大阪府大阪市中央区日本橋1丁目3-2 コージーアパートメント日本橋 501号室,11-1,不能,没有,附近有收费停车场,
#NAME?,#NAME?,#NAME?,E8,高津501,1人不生,大阪府大阪市中央区高津2丁目4-20 M.C.高津メゾンエルム 501号室,12-2,可以,有店客,,
#NAME?,#NAME?,#NAME?,E9,高津207,2人不生不双,大阪府大阪市天王寺区生玉町11-29 朝日プラザ高津第1 207号室,12-2,可以,有店客,门禁密码9211,
#NAME?,#NAME?,#NAME?,E10,大阪1404,1人不生,大阪府大阪市淀川区西中島1丁目14-4 プレサンス新大阪ストリーム 1404号室,11-2,可以,有店客,,
#NAME?,#NAME?,#NAME?,E11,淀川709,1人不生,大阪府大阪市淀川区西中島5丁目8-21 マイルド新大阪レジデンス 709号室,11-1,不能,,到门口不要按铃 不要敲门,
#NAME?,#NAME?,#NAME?,E12,淀川710,1人不生,大阪府大阪市淀川区西中島5丁目8-21 マイルド新大阪レジデンス 710号室,12-23,不能,,到门口不要按铃 不要敲门,
#NAME?,#NAME?,#NAME?,E13,西中岛901,2人1个生,大阪府大阪市淀川区西中島3-12-4 ATOLL西中島 901号室,11-2,可以,,回信慢 有时候联系不上,
#NAME?,#NAME?,#NAME?,E14,东淀川1003,2人可生,大阪市東淀川区西淡路1-1-28 ライオンズマンション 1003号室,11-2,可以,,回信慢 有时候联系不上,
#NAME?,#NAME?,#NAME?,E15,平野901,1人不生,大阪府大阪市平野区流町1丁目5-25 レクシア平野DUO 901号室,12-2,不能,,有门禁按房号呼出,
#NAME?,#NAME?,#NAME?,E16,大阪203,2人不生可双,大阪府大阪市平野区背戸口5-6-12 カサ・エルドラード 203号室,11-1,不能,没有,门禁密码1181E,
#NAME?,#NAME?,#NAME?,E17,浪速312,1人不生,大阪府大阪市浪速区難波中3丁目16-18 エステムコート難波ミューステージ 312号室,12-1,可以,,,
#NAME?,#NAME?,#NAME?,E18,天神桥703,1人不生,大阪府大阪市北区浪花町9-12 ロイヤルハイツ扇町 703号室,12-2,不能,,,
#NAME?,#NAME?,#NAME?,E21,長田中507,2人不生可双,大阪府東大阪市長田中1-4-12 イマザキマンション 507号室,11-1,可以,,,
#NAME?,#NAME?,#NAME?,E22,布施201,1人可生,大阪府東大阪市足代新町9-17 Siete布施駅前 201号室,11-22,可以,,附近有收费停车场,
#NAME?,#NAME?,#NAME?,E23,京桥304,1人不生,大阪府大阪市都島区東野田町4-14-10 レクシア京橋 304号室,11-2,可以,,回信慢 有时候联系不上,
#NAME?,#NAME?,#NAME?,E25,守口303,1人可生,大阪府守口市寺内町1-5-5 クレイン守口  303号室,11-2,可以,,回信慢 有时候联系不上,
#NAME?,#NAME?,#NAME?,E26,守口806,2人可生,大阪府守口市春日町1-19 アドヴァンテージ守口 806号室,11-2,,,,
#NAME?,#NAME?,#NAME?,E27,枚方902,1人可生,大阪府枚方市岡本町4-25 Domani 902号室,11-2,可以,,回信慢 有时候联系不上,
#NAME?,#NAME?,#NAME?,E30,江坂1101,1人不生,大阪府吹田市江の木町17-16 アーデン江坂 1101号室,12-1：30,,,有店客没通知,
#NAME?,#NAME?,#NAME?,E31,松原306,1人可生,大阪府松原市上田1-4-8 ふぁみーゆ上田III 306号室,11-1,不能,没有,,
#NAME?,#NAME?,#NAME?,F1,植田605,2人可生可双,愛知県名古屋市天白区植田3-1701 よし司マンションワイズビル 605号室,12-2,可以,有店客,,
#NAME?,#NAME?,#NAME?,F2,一社503,1人不生,愛知県名古屋市名東区一社1-125 アサノビル 503号室,12-1,可以,有店客,回复慢 偶尔会失联,
#NAME?,#NAME?,#NAME?,F3,名東201,1人不生,愛知県名古屋市名東区八前1-202 京和コーポ 201号室,11-1,可以,有店客,停车场5号,
#NAME?,#NAME?,#NAME?,F7,金山306,1人不生,愛知県名古屋市中区正木4丁目8-8 メゾン金山 306号室,12-24,不能,,,
#NAME?,#NAME?,#NAME?,F8,金山906,1人不生,愛知県名古屋市中区正木4丁目8-8 メゾン金山 906号室,11-24,可以,有店客,,
#NAME?,#NAME?,#NAME?,F10,栄314,1人可生,愛知県名古屋市中区栄4丁目15-23 ライオンズマンション久屋公園 314号室,12-1,可以,,,
#NAME?,#NAME?,#NAME?,F11,名古屋311,1人不生,愛知県名古屋市中村区則武2丁目26-15 マンション則武 311号室,11-1,不能,没有,,
#NAME?,#NAME?,#NAME?,F13,高畑502,2人不生,愛知県名古屋市中川区高畑3-40 ブラザービル 502号室,11-1,可以,有店客,,
#NAME?,#NAME?,#NAME?,F14,北区603,1人不生,愛知県名古屋市北区若葉通1丁目21 メゾンコロル 603号室,12-1,可以,有店客,,
#NAME?,#NAME?,#NAME?,F15,小田井902,1人不生,愛知県名古屋市西区上小田井1-47 ブルーウェーブマンショ 902号室,11-2,可以,,附近有收费停车场,
#NAME?,#NAME?,#NAME?,F17,港区1107,1人不生,愛知県名古屋市港区名港1丁目1-19 三旺ポートタウン港 1107号室,12-2,不能,,附近便利店可以停车,
#NAME?,#NAME?,#NAME?,F19,春日井203,1人不生,愛知県春日井市味美白山町1-1-12 南館エスト味美マンション 203号室,12-1,可以,有店客,回复慢 偶尔会失联,
#NAME?,#NAME?,#NAME?,F20,春日井305,2人1个生可双,愛知県春日井市高蔵寺町北2-54 レイクサイドマンションカサイ 305号室,11-2,可以,没有,附近收费停车场,
#NAME?,#NAME?,#NAME?,F22,春日井201,1人不生,愛知県春日井市八幡町35-1 ニューブラウンハイツ 201号室,11-1,可以,有店客,,
#NAME?,#NAME?,#NAME?,F24,小牧202,2人不生可双,愛知県小牧市中央1丁目456 ウォンキー91 202号室,11-1,可以,没有,,
#NAME?,#NAME?,#NAME?,F25,小牧301,2人可生可双,愛知県小牧市小牧1-254 第2メゾンたけ宗 301号室,11-2,可以,有店客,,
#NAME?,#NAME?,#NAME?,F26,小牧1003,1人不生,愛知県小牧市中央1-171 RESIDENCIA小牧駅前 1003号室,11-2,可以,有店客,提前告诉客人露脸看镜头 2回最低20000,
#NAME?,#NAME?,#NAME?,F27,一宫408,1人不生,愛知県一宮市佐千原南切野6-1 レジデンス野村 408号室,12-2,可以,有店客,旁边药店可以停车,
#NAME?,#NAME?,#NAME?,F28,一宫303,2人1个生可套双,愛知県一宮市白旗通4-9 グランドール白旗 303号室,11-2,可以,有店客,,
#NAME?,#NAME?,#NAME?,F30,刈谷303,2人不生,愛知県刈谷市一ツ木町4丁目5-14 ジュネスS・T 303号室,12-2,可以,有店客,附近有收费停车场,
#NAME?,#NAME?,#NAME?,F34,豊橋203,2人不生可双,愛知県豊橋市菰口町3-95 第5フクマルビル 203号室,11-24,可以,有店客,,
#NAME?,#NAME?,#NAME?,F36,豊川405,1人可生,愛知県豊川市諏訪2-34番地 グリーンシティー 諏訪 405号室,12-2,可以,没有,,
#NAME?,#NAME?,#NAME?,F38,豊明4A,2人不生,愛知県豊明市三崎町高鴨7-1 セブンワン 4A号室,11-1,可以,有店客,便利店可以停车,
#NAME?,#NAME?,#NAME?,F39,西尾203,1人可生,愛知県西尾市丁田町杢左62 ファミール丁田 203号室,11-24,,,附近有超市和收费停车场,
#NAME?,#NAME?,#NAME?,F40,安城201,1人不生,愛知県安城市三河安城町2-9-1 桜路マンション 201号室,11-1,可以,有店客,,
#NAME?,#NAME?,#NAME?,F41,岡崎1F,1人不生,愛知県岡崎市大樹寺3-7-15 看板：My Love,11-2,可以,没有,2回20起 没有女孩照片,
#NAME?,#NAME?,#NAME?,F42,冈崎301,1人不生,愛知県岡崎市羽根西新町5-4 サンビューティフル岡崎 301号室,11-2,可以,有店客,附近有收费停车场,
#NAME?,#NAME?,#NAME?,F43,半田一户建,2人不生不双,愛知県半田市乙川太田町2-87-2,11-24,可以,有店客,,
#NAME?,#NAME?,#NAME?,F44,半田1-D,1人不生,愛知県半田市花園町6-27-6 メゾンドK 1-D号室,11-2,可以,有店客,公寓背后30号、31号停车位,
#NAME?,#NAME?,#NAME?,F45,半田306,2人不生可双,愛知県半田市旭町4-58-1 リンデンバウムJ3 306号室,11-24,可以,有店客,,
#NAME?,#NAME?,#NAME?,F46,半田304,2人不生,愛知県半田市東郷町4-101-2 ウェルネスタウン 304号室,11-1,可以,有店客,停车位 5号、20号,
#NAME?,#NAME?,#NAME?,F47,知立203,2人可生可双,愛知県知立市新富2-47 パーシオンときわ 203号室,12-2,可以,有店客,,
#NAME?,#NAME?,#NAME?,F48,大府2F,2人不生可双,愛知県大府市月見町1-28 ボンジュール大府 2階の部屋,11-1,可以,有店客,,
#NAME?,#NAME?,#NAME?,F49,あま103,1人不生,愛知県あま市本郷三反地24 グランエスポワール 103号室,11-1,可以,有店客,,
#NAME?,#NAME?,#NAME?,F50,あま406,1人不生,愛知県あま市小橋方南山西154-2 小橋方コーポラスB棟 406号室,11-1,可以,有店客,駐車場はB46番,
#NAME?,#NAME?,#NAME?,F51,尾张旭303,1人不生,愛知県尾張旭市瀬戸川町2-80 ロータスフラワー 303号室,11-1,可以,有店客,駐車場は16番,
#NAME?,#NAME?,#NAME?,F52,蟹江102,1人不生,愛知県海部郡蟹江町富吉4丁目139 近鉄富吉コーポB棟 102号室,11-1,可以,有店客,附近便利店可以停车,
#NAME?,#NAME?,#NAME?,F54,濑户101,1人不生,愛知県瀬戸市瀬戸口町111 ブリード瀬戸口 101号室,11-1,可以,有店客,駐車場は22番,
#NAME?,#NAME?,#NAME?,G1,羽岛102,2人不生可双,岐阜県羽島市福寿町平方3-79 イノセンス 102号室,11-1,可以,,,
#NAME?,#NAME?,#NAME?,G2,羽岛C102,1人不生,岐阜県羽島市舟橋町本町2丁目21-2 フレグランスこうえC棟102号室,11-1,不能,,,
#NAME?,#NAME?,#NAME?,G7,岐阜403,2人不生,岐阜県岐阜市下奈良1丁目4-1 カルム21 403号室,11-2,可以,,停车位3号 经常回信慢,
#NAME?,#NAME?,#NAME?,G11,可儿301,1人不生,岐阜県可児市広見6丁目40 朝日プラザ可児 301号室,12-2,可以,有店客,附近超市可以停车,
#NAME?,#NAME?,#NAME?,G17,八幡305,1人可生 生13起,静岡県浜松市中央区元浜町230-3 ロイヤルマンション元浜 305号室,11-2,可以,有店客,提前告诉客人露脸看镜头 2回最低20000,
#NAME?,#NAME?,#NAME?,G18,八幡309,1人可生,静岡県浜松市中央区布橋1丁目17-40 城北パーソナルハイツW 309号室,12-2,可以,没有,附近书店可以停车,
#NAME?,#NAME?,#NAME?,G19,磐田201,1人可生,静岡県磐田市森下700-11 シミズハイツ 201号室,11-2,可以,没有,,
#NAME?,#NAME?,#NAME?,G22,掛川202,1人可生,静岡県掛川市杉谷2-6-12 BellWood 202号室,11-2,可以,没有,停202号或附近便利店,
#NAME?,#NAME?,#NAME?,G23,烧津202,2人可生可双,静岡県焼津市東小川5-13-1 (公寓没名字，找中转要图片) 202号室,11-2,可以,没有,,
#NAME?,#NAME?,#NAME?,G25,沼津2A,1人可生,静岡県沼津市高沢町9-8 パティオ高沢 2A号室,11-2,可以,没有,没有门禁 让客人敲门,
#NAME?,#NAME?,#NAME?,G26,美满群-富士102,1人可生,静岡県富士市柚木199-1 シャンテFuji 102号室,11-2,可以,有店客,没有门禁，「すき家 富士柚木店」ここでとめられます,
#NAME?,#NAME?,#NAME?,H1,博多305,1人不生,福岡県福岡市博多区博多駅南1-14-6 クレベール博多 305号室,11-2,可以,没有,没有女孩照片 2回20起,
#NAME?,#NAME?,#NAME?,H2,博多201,1人可生外,福岡県福岡市博多区博多駅南1丁目10-20 駅南うちやまビル 201号室,11-1,不能,没有,,
#NAME?,#NAME?,#NAME?,H3,天神909,1人不生,福岡県福岡市中央区天神2丁目3-10 天神パインクレスト 909号室（22:00以后女孩下楼接）,12-2,可以,有店客,经常回信慢 偶尔失联,有门禁按房号 上楼后敲门
#NAME?,#NAME?,#NAME?,H4,祇園311,1人不生,福岡県福岡市博多区冷泉町1-3 エクセレンス祇園 311号室,12-2,可以,有店客,经常回信慢 偶尔失联,
#NAME?,#NAME?,#NAME?,H5,福冈103,1人不生,福岡県福岡市城南区鳥飼4-6-5 ビラ・フルール 103号室,11-2,可以,没有,,
#NAME?,#NAME?,#NAME?,H7,久留米302,1人不生,福岡県久留米市本町14-6 ダイナコート久留米本町 302号室,11-2,可以,有店客,提前告诉客人露脸看镜头 2回最低20000,
#NAME?,#NAME?,#NAME?,H8,久留米404,1人不生,福岡県久留米市東町1-13 J-PLACE 404号室,11-2,可以,有店客,提前告诉客人露脸看镜头 2回最低20000,
#NAME?,#NAME?,#NAME?,H11,郡山416,1人可生 生13起,福島県郡山市安積荒井本町441 サンシヤインビル  416号室,11-1,不能,没有,做得慢 没有女孩照片,
#NAME?,#NAME?,#NAME?,H12,上宿201,2人可生可双,福島県いわき市内郷御厩町上宿79 ミマヤビル 201号室,11-2,可以,,没有门禁 楼旁边车位停车,
#NAME?,#NAME?,#NAME?,H14,福岛502,1人不生,福島県福島市陣場町7-20 陣場アーバンハウス 502号室,11-1,不能,没有,没有女孩照片 自己找停车位,
#NAME?,#NAME?,#NAME?,H15,尼崎405,1人可生,兵庫県尼崎市昭和通4-118 ダイアパレス尼崎 405号室,11-1,可以,,,
#NAME?,#NAME?,#NAME?,H17,西宫103,1人可生 生13起,兵庫県西宮市深津町3-3 ダイドーメゾン西宮北口10  103号室,11-2,可以,没有,2回20起 没有女孩照片,
#NAME?,#NAME?,#NAME?,H20,姬路704,1人可生 生13起,兵庫県姫路市広畑区東新町1-38-1 デアリックス広畑 704号室,11-2,可以,没有,2回20起 没有女孩照片,
#NAME?,#NAME?,#NAME?,H24,住吉102,1人可生,兵庫県神戸市東灘区御影中町1丁目4-11 メゾン御影 102号室,11-1:30,可以,没有,,
#NAME?,#NAME?,#NAME?,H25,神户201,2人不生可双,兵庫県神戸市灘区浜田町4丁目2-13 メゾン・ド・六甲パート3 201号室,11-1,不能,,,
#NAME?,#NAME?,#NAME?,H26,元町602,1人不生,兵庫県神戸市中央区元町通3-12-20 シティスパイア 神戸元町 602号室,11-2,可以,有店客,提前告诉客人露脸看镜头 2回最低20000,
#NAME?,#NAME?,#NAME?,H27,元町718,1人不生,兵庫県神戸市中央区下山手通5-8-14 山手ダイヤハイツB棟 718号室,11-2,可以,有店客,提前告诉客人露脸看镜头 2回最低20000,
#NAME?,#NAME?,#NAME?,H30,三宫502,1人不生,兵庫県神戸市中央区雲井通3丁目1-6 エスリード三宮第3 502号室,11-2,可以,有店客,提前告诉客人露脸看镜头 2回最低20000,
#NAME?,#NAME?,#NAME?,K1,长野503,1人不生,長野県長野市大字長野東町132 アシスト長野マンション 503号室,11-2,可以,没有,,
#NAME?,#NAME?,#NAME?,K2,长野403,1人可生 生13起,長野県長野市大字栗田936 サミット栗田中央 403号室,11-2,可以,有店客,提前告诉客人露脸看镜头 2回最低20000,
#NAME?,#NAME?,#NAME?,K3,长野203,2人可生可双,長野県長野市大字西長野216-3 グリーンヒルズ21 203号室,11-1,不能,没有,,
#NAME?,#NAME?,#NAME?,K5,松本405,1人不生,長野県松本市中央1丁目2-7 大東プラザニュー伊勢町 405号室,11-1,可以,有店客,,
#NAME?,#NAME?,#NAME?,K6,上田503,1人可生 生13起,長野県上田市上塩尻226-1 ザ・グレイス・シグマ 503号室,11-2,可以,有店客,提前告诉客人露脸看镜头 2回最低20000,
#NAME?,#NAME?,#NAME?,K7,长野207,1人可生 生13起,長野県塩尻市旧塩尻1057 リフレホテル 207号室,11-1,不能,没有,没有女孩照片,
#NAME?,#NAME?,#NAME?,K8,小山305,2人可生可双,栃木県小山市駅東通り2-40-27 いせやハイツ 305号室,11-2,可以,没有,,
#NAME?,#NAME?,#NAME?,K12,足利3F,2人1个生可双,栃木県足利市田中町782 Mita.Bldg 3階です,11-24,不能,有店客,附近有收费停车场,
#NAME?,#NAME?,#NAME?,K17,石卷210,1人可生,宮城県石巻市中央3丁目5-22 メゾン・ド・コパン 210号室,11-2,可以,没有,,
#NAME?,#NAME?,#NAME?,K21,津市505,1人不生,三重県津市島崎町137-117 島崎ハイツ505号室,11-2,可以,,车可以停在路边,
#NAME?,#NAME?,#NAME?,K22,津市101,1人不生,三重県津市大門26-3 のぶマンション 101号室,12-2,可以,有店客,楼对面有收费停车场,
#NAME?,#NAME?,#NAME?,K23,津市304,2人可生可双,三重県津市藤方1643-1 サニーガーデン津 304号室,12-2,可以,有店客,楼下路边可以停车,
#NAME?,#NAME?,#NAME?,K24,白子806,1人不生,三重県鈴鹿市白子駅前11-18 ロイヤルハイツ白子駅 806号室,12-2,可以,有店客,附近有收费停车场,
#NAME?,#NAME?,#NAME?,K29,水户406,2人可生,茨城県水戸市栅町1-5-7 クレセール三の丸 406号室,12-2,不能,,不要给客人发别人照片骗来 停车位10号 偶尔回信慢,
#NAME?,#NAME?,#NAME?,K31,日立301,1人可生,茨城県日立市水木町2-5-26 水木ビル2 301号室,12-2,不能,,不要给客人发别人照片骗来 停车位15号 偶尔回信慢,
#NAME?,#NAME?,#NAME?,K32,神栖201,1人可生,茨城県神栖市木崎2406-186 コーポラス幸武106 201号室,12-2,不能,有店客,不要给客人发别人照片骗来 停车位201号 偶尔回信慢,
#NAME?,#NAME?,#NAME?,K34,茨城111,1人不生,茨城県つくば市春日2丁目45-8 ルミナス春日弐番館 111号室,11-1,不能,没有,没有女孩照片,
#NAME?,#NAME?,#NAME?,K35,牛久203,1人可生,茨城県牛久市牛久町970-1 チェリーガーデン牛久 203号室,11-2,可以,没有,,
#NAME?,#NAME?,#NAME?,K36,伊势崎204,2人不生可套双,群馬県伊勢崎市喜多町125-6 コーポラスアゼリア 204号室,11-1,可以,,楼下不能停车 附近有收费的,
#NAME?,#NAME?,#NAME?,K38,高崎213,1人不生,群馬県高崎市元紺屋町17-1 ダイアパレス高崎中央 213号室,12-2,可以,有店客,经常回信慢 偶尔失联,
#NAME?,#NAME?,#NAME?,L1,岡山404,1人不生,岡山県岡山市北区春日町5-20 アルファ春日町 404号室,11-2,可以,没有,2回20起 没有女孩照片,门禁密码4506E
#NAME?,#NAME?,#NAME?,L3,冈山206,1人可生,岡山県岡山市北区岡町17-18 K'sB岡山医大 206号室,11-1,可以,,没有门禁,
#NAME?,#NAME?,#NAME?,L5,观音町604,1人不生,広島県広島市西区西観音町5-22 ワンダフルパレスN1 604号室,11-2,可以,没有,2回20起 没有女孩照片,
#NAME?,#NAME?,#NAME?,L6,广岛601,1人可生,広島県広島市中区上幟町2-36 S・ウィングビル 601号室,11-1,不能,没有,,
#NAME?,#NAME?,#NAME?,L7,广岛206,2人不生可双,広島県広島市安佐南区西原2丁目34-16 ホーネット21 206号室,11-1,可以,,附近有收费停车场,
#NAME?,#NAME?,#NAME?,L8,美满群-广岛401,1人不生,広島県広島市東区愛宕町7-3 ヴィブレ愛宕 401号室,11-2,可以,有店客,有门禁按房号呼出，附近有收费停车场,
#NAME?,#NAME?,#NAME?,L9,福山302,1人不生,広島県福山市紅葉町4-11 AXIS21 302号室,11-24,可以,没有,2回20起 没有女孩照片,门禁密码0011E
#NAME?,#NAME?,#NAME?,L10,竹原101,2人不生可双,広島県竹原市中央5丁目8-15 シティーライツ竹原中央 101号室 今天15:00开始通知,11-1,可以,没有,,
#NAME?,#NAME?,#NAME?,L11,札幌903,1人可生,北海道札幌市北区北8条西4-20-1 バロンドール 903号室,11-1,不能,没有,,
#NAME?,#NAME?,#NAME?,L13,札幌208,1人可生外,北海道札幌市東区北11条東1丁目2-23 ラクシス札幌 208号室,11-1,不能,,,
#NAME?,#NAME?,#NAME?,L15,美满群-和歌山101,1人可生,和歌山県和歌山市三筋目79 ルトラン和歌山 101号室,11-2,可以,有店客,有门禁按房号呼出，附近有收费停车场,
#NAME?,#NAME?,#NAME?,L16,中松江403,2人不生可双,和歌山県和歌山市松江中2丁目5-26 リオンドロフティ中松江 403号室,11-1,不能,没有,,
#NAME?,#NAME?,#NAME?,L19,岩手403,1人可生 生13起,岩手県盛岡市盛岡駅西通2-5-30 メイプル駅西通 403号室,11-2,可以,没有,2回20起 没有女孩照片,
#NAME?,#NAME?,#NAME?,M1,那霸松尾402,1人可生,沖縄県那覇市松尾1-17-8 コーポヤカゆちばな 402号室,11-1,不能,没有,,
#NAME?,#NAME?,#NAME?,M2,那霸安里302,1人不生,沖縄県那覇市安里44-2 Le Soleil Asato 302号室,11-2,可以,没有,2回20起 没有女孩照片,
#NAME?,#NAME?,#NAME?,M9,山梨501,1人可生,山梨県中巨摩郡昭和町西条415-1 丸富ハイツ国母 501号室,11-2,可以,没有,,
#NAME?,#NAME?,#NAME?,M10,高冈104,1人可生,富山県高岡市駅南4-5-31 駅南第2レジデンス 104号室（外墙蓝色的公寓）,11-1,可以,,没有门禁,
#NAME?,#NAME?,#NAME?,M11,富山103,2人可生可双,富山県富山市千石町5丁目3-5 パールハイツ 103号室,11-1,可以,没有,駐車場は12番,
#NAME?,#NAME?,#NAME?,M13,富山3F,1人可生,富山県富山市桜木町6-4 千歳ビル 3階です,12-24,不能,,不接中国人,
#NAME?,#NAME?,#NAME?,M16,滑川211,1人可生 生13起,富山県滑川市常盤町616 スタンザトキワ 211号室,11-1,不能,没有,没有女孩照片,
#NAME?,#NAME?,#NAME?,M17,金泽710,1人可生,石川県金沢市此花町3-3 ライブ1 710号室,11-2,可以,没有,,
#NAME?,#NAME?,#NAME?,M18,金沢406,2人可生可双,石川県金沢市北安江1丁目7-12 リューキ・7 406号室,11-1,可以,没有,,
#NAME?,#NAME?,#NAME?,M19,金沢305,1人可生 生13起,石川県金沢市尾張町1丁目2-12 メゾン・ド・グロリエ 305号室,11-1,不能,没有,没有女孩照片,
#NAME?,#NAME?,#NAME?,N1,熊本405,1人可生,熊本県熊本市中央区鍛冶屋町6 朝日プラザ鍛冶屋町 405号室,11-1,不能,没有,,
#NAME?,#NAME?,#NAME?,N6,長浜201,1人不生,滋賀県長浜市神照町696 松ぼっくり 201号室,11-2,可以,,附近711可以停车,
#NAME?,#NAME?,#NAME?,N7,大津803,1人不生,滋賀県大津市浜大津1-2-15 CITYSPIRE浜大津駅前 803号室,11-1,可以,,,
#NAME?,#NAME?,#NAME?,N8,大津302,1人可生,滋賀県大津市中央1丁目2-35 アセンティアびわこ 302号室,11-2,可以,没有,,
#NAME?,#NAME?,#NAME?,N9,美满群-大津705,1人可生,滋賀県大津市中央1丁目2-35 アセンティアびわこ 705号室,11-2,可以,有店客,没有门禁 2回20000起,
#NAME?,#NAME?,#NAME?,N10,草津202,2人不生可双,滋賀県草津市西渋川1丁目8-6 アリエッタ草津 202号室,11-24,可以,没有,,
#NAME?,#NAME?,#NAME?,N15,秋田508,1人不生,秋田県秋田市南通築地9-34 メゾン・ド・レーヴ 508号室 （报单需要拍照客人说到了）,11-2,可以,没有,,
#NAME?,#NAME?,#NAME?,N16,佐贺22-5,1人可生 生13起,佐賀県佐賀市愛敬町1-1 中野マンション 2階の22-5号室,11-2,可以,没有,2回20起 没有女孩照片,
#NAME?,#NAME?,#NAME?,N20,德岛403,2人可生,徳島県徳島市銀座10 福助ビル第63 403号室,11-2,可以,没有,附近有收费停车场,
#NAME?,#NAME?,#NAME?,N23,京都503,1人不生,京都府京都市南区吉祥院西ノ庄西中町1 明輝マンションA棟 503号室,11-1,不能,没有,,
#NAME?,#NAME?,#NAME?,N24,宫崎305,1人不生,宮崎県宮崎市丸島町3-15 シーラカンスKANDY 305号室,11-1,可以,没有,做客人的时候回信慢,
#NAME?,#NAME?,#NAME?,N25,山口306,1人不生,山口県山口市黄金町6-5 エフ弐番館 306号室,11-1,可以,没有,駐車場は17番,
#NAME?,#NAME?,#NAME?,N26,下关6007,2人不生可双,山口県下関市東大和町1丁目5-8 下関KSKビル 6階6007号室,11-2,可以,没有,,
#NAME?,#NAME?,#NAME?,N28,鹿儿岛407,2人不生可双,鹿児島県鹿児島市新屋敷町19-10 JAウイング新屋敷 407号室,11-1,不能,没有,,
#NAME?,#NAME?,#NAME?,N29,鹿儿岛501,1人不生,鹿児島県鹿児島市中央町12-11 床次ビル 501号室,11-1,不能,没有,,
#NAME?,#NAME?,#NAME?,N30,新泻606,2人可生,新潟県新潟市中央区笹口2丁目7-14 メゾン・ド・リッシュ 606号室,11-2,可以,没有,,
#NAME?,#NAME?,#NAME?,N31,长冈215,2人不生可双,新潟県長岡市渡里町4-5 オクトワール長岡中央 215号室,11-2,可以,没有,楼后面的停车位3号,